id;Gemeente;Indicator;2030;2040;2050
3;Appingedam;Absoluut aantal inwoners;10.873;10.046;9.253
3;Appingedam;Bevolkingsgroei (% t.o.v. 2020);-6,6;-13,7;-20,5
10;Delfzijl;Absoluut aantal inwoners;22.393;19.182;16.213
10;Delfzijl;Bevolkingsgroei (% t.o.v. 2020);-9,3;-22,3;-34,3
14;Groningen (gemeente);Absoluut aantal inwoners;246.859;250.006;250.398
14;Groningen (gemeente);Bevolkingsgroei (% t.o.v. 2020);6,0;7,4;7,5
24;Loppersum;Absoluut aantal inwoners;8.535;7.524;6.645
24;Loppersum;Bevolkingsgroei (% t.o.v. 2020);-10,5;-21,1;-30,3
34;Almere;Absoluut aantal inwoners;237.752;259.876;271.065
34;Almere;Bevolkingsgroei (% t.o.v. 2020);12,2;22,6;27,9
37;Stadskanaal;Absoluut aantal inwoners;30.797;28.916;27.482
37;Stadskanaal;Bevolkingsgroei (% t.o.v. 2020);-2,8;-8,7;-13,3
47;Veendam;Absoluut aantal inwoners;26.872;25.870;25.046
47;Veendam;Bevolkingsgroei (% t.o.v. 2020);-1,9;-5,5;-8,5
50;Zeewolde;Absoluut aantal inwoners;21.900;22.508;23.073
50;Zeewolde;Bevolkingsgroei (% t.o.v. 2020);-3,3;-0,6;1,9
59;Achtkarspelen;Absoluut aantal inwoners;27.592;27.195;26.717
59;Achtkarspelen;Bevolkingsgroei (% t.o.v. 2020);-0,9;-2,3;-4,0
60;Ameland;Absoluut aantal inwoners;3.744;3.749;3.746
60;Ameland;Bevolkingsgroei (% t.o.v. 2020);0,8;0,9;0,8
72;Harlingen;Absoluut aantal inwoners;15.099;14.307;13.593
72;Harlingen;Bevolkingsgroei (% t.o.v. 2020);-4,0;-9,0;-13,5
74;Heerenveen;Absoluut aantal inwoners;50.834;51.215;50.556
74;Heerenveen;Bevolkingsgroei (% t.o.v. 2020);0,7;1,4;0,1
80;Leeuwarden;Absoluut aantal inwoners;127.492;126.306;122.805
80;Leeuwarden;Bevolkingsgroei (% t.o.v. 2020);2,7;1,8;-1,0
85;Ooststellingwerf;Absoluut aantal inwoners;24.801;24.512;23.990
85;Ooststellingwerf;Bevolkingsgroei (% t.o.v. 2020);-2,6;-3,8;-5,8
86;Opsterland;Absoluut aantal inwoners;28.717;28.193;27.169
86;Opsterland;Bevolkingsgroei (% t.o.v. 2020);-3,4;-5,2;-8,6
88;Schiermonnikoog;Absoluut aantal inwoners;902;830;754
88;Schiermonnikoog;Bevolkingsgroei (% t.o.v. 2020);-4,8;-12,4;-20,4
90;Smallingerland;Absoluut aantal inwoners;54.480;53.147;50.648
90;Smallingerland;Bevolkingsgroei (% t.o.v. 2020);-3,0;-5,3;-9,8
93;Terschelling;Absoluut aantal inwoners;4.728;4.341;3.740
93;Terschelling;Bevolkingsgroei (% t.o.v. 2020);-3,3;-11,2;-23,5
96;Vlieland;Absoluut aantal inwoners;1.106;1.082;1.050
96;Vlieland;Bevolkingsgroei (% t.o.v. 2020);-4,2;-6,3;-9,1
98;Weststellingwerf;Absoluut aantal inwoners;26.427;26.780;26.931
98;Weststellingwerf;Bevolkingsgroei (% t.o.v. 2020);2,0;3,3;3,9
106;Assen;Absoluut aantal inwoners;70.765;73.000;72.948
106;Assen;Bevolkingsgroei (% t.o.v. 2020);3,2;6,4;6,3
109;Coevorden;Absoluut aantal inwoners;33.626;32.717;31.666
109;Coevorden;Bevolkingsgroei (% t.o.v. 2020);-4,7;-7,3;-10,3
114;Emmen;Absoluut aantal inwoners;105.326;103.208;100.206
114;Emmen;Bevolkingsgroei (% t.o.v. 2020);-1,6;-3,6;-6,4
118;Hoogeveen;Absoluut aantal inwoners;55.126;54.638;53.061
118;Hoogeveen;Bevolkingsgroei (% t.o.v. 2020);-1,0;-1,9;-4,7
119;Meppel;Absoluut aantal inwoners;34.713;34.769;34.591
119;Meppel;Bevolkingsgroei (% t.o.v. 2020);2,3;2,5;2,0
141;Almelo;Absoluut aantal inwoners;72.654;72.336;70.442
141;Almelo;Bevolkingsgroei (% t.o.v. 2020);-0,6;-1,1;-3,6
147;Borne;Absoluut aantal inwoners;24.442;24.413;24.129
147;Borne;Bevolkingsgroei (% t.o.v. 2020);4,8;4,7;3,5
148;Dalfsen;Absoluut aantal inwoners;28.288;28.100;27.861
148;Dalfsen;Bevolkingsgroei (% t.o.v. 2020);-1,0;-1,7;-2,5
150;Deventer;Absoluut aantal inwoners;102.075;101.892;100.845
150;Deventer;Bevolkingsgroei (% t.o.v. 2020);1,3;1,2;0,1
153;Enschede;Absoluut aantal inwoners;159.629;157.634;154.435
153;Enschede;Bevolkingsgroei (% t.o.v. 2020);0,0;-1,3;-3,3
158;Haaksbergen;Absoluut aantal inwoners;23.255;22.656;21.733
158;Haaksbergen;Bevolkingsgroei (% t.o.v. 2020);-4,3;-6,8;-10,6
160;Hardenberg;Absoluut aantal inwoners;59.940;60.113;58.318
160;Hardenberg;Bevolkingsgroei (% t.o.v. 2020);-1,7;-1,4;-4,3
163;Hellendoorn;Absoluut aantal inwoners;35.977;35.967;35.583
163;Hellendoorn;Bevolkingsgroei (% t.o.v. 2020);0,2;0,1;-0,9
164;Hengelo (O.);Absoluut aantal inwoners;81.818;82.167;81.057
164;Hengelo (O.);Bevolkingsgroei (% t.o.v. 2020);0,8;1,3;-0,1
166;Kampen;Absoluut aantal inwoners;56.210;56.761;56.397
166;Kampen;Bevolkingsgroei (% t.o.v. 2020);3,5;4,5;3,8
168;Losser;Absoluut aantal inwoners;21.386;20.957;20.376
168;Losser;Bevolkingsgroei (% t.o.v. 2020);-5,7;-7,6;-10,2
171;Noordoostpolder;Absoluut aantal inwoners;46.783;47.179;47.140
171;Noordoostpolder;Bevolkingsgroei (% t.o.v. 2020);-1,1;-0,2;-0,3
173;Oldenzaal;Absoluut aantal inwoners;31.521;30.601;29.519
173;Oldenzaal;Bevolkingsgroei (% t.o.v. 2020);-1,0;-3,9;-7,3
175;Ommen;Absoluut aantal inwoners;17.883;17.859;17.574
175;Ommen;Bevolkingsgroei (% t.o.v. 2020);-0,7;-0,8;-2,4
177;Raalte;Absoluut aantal inwoners;37.622;38.095;38.247
177;Raalte;Bevolkingsgroei (% t.o.v. 2020);-0,2;1,0;1,4
180;Staphorst;Absoluut aantal inwoners;17.130;17.130;17.083
180;Staphorst;Bevolkingsgroei (% t.o.v. 2020);-0,1;-0,1;-0,4
183;Tubbergen;Absoluut aantal inwoners;20.599;20.127;19.452
183;Tubbergen;Bevolkingsgroei (% t.o.v. 2020);-3,2;-5,4;-8,6
184;Urk;Absoluut aantal inwoners;22.165;23.075;23.663
184;Urk;Bevolkingsgroei (% t.o.v. 2020);5,4;9,7;12,5
189;Wierden;Absoluut aantal inwoners;24.347;24.345;24.209
189;Wierden;Bevolkingsgroei (% t.o.v. 2020);-0,4;-0,4;-1,0
193;Zwolle;Absoluut aantal inwoners;139.791;142.888;142.858
193;Zwolle;Bevolkingsgroei (% t.o.v. 2020);8,5;10,9;10,9
197;Aalten;Absoluut aantal inwoners;25.826;25.222;24.461
197;Aalten;Bevolkingsgroei (% t.o.v. 2020);-4,8;-7,0;-9,8
200;Apeldoorn;Absoluut aantal inwoners;165.622;164.669;162.337
200;Apeldoorn;Bevolkingsgroei (% t.o.v. 2020);1,1;0,5;-0,9
202;Arnhem;Absoluut aantal inwoners;170.488;173.215;173.101
202;Arnhem;Bevolkingsgroei (% t.o.v. 2020);5,7;7,4;7,3
203;Barneveld;Absoluut aantal inwoners;63.397;66.005;67.033
203;Barneveld;Bevolkingsgroei (% t.o.v. 2020);7,3;11,7;13,5
209;Beuningen;Absoluut aantal inwoners;26.308;26.897;26.783
209;Beuningen;Bevolkingsgroei (% t.o.v. 2020);1,6;3,9;3,4
213;Brummen;Absoluut aantal inwoners;20.607;20.778;20.815
213;Brummen;Bevolkingsgroei (% t.o.v. 2020);-0,6;0,3;0,4
214;Buren;Absoluut aantal inwoners;27.201;27.550;27.576
214;Buren;Bevolkingsgroei (% t.o.v. 2020);1,7;3,0;3,1
216;Culemborg;Absoluut aantal inwoners;30.994;31.889;31.885
216;Culemborg;Bevolkingsgroei (% t.o.v. 2020);7,0;10,1;10,1
221;Doesburg;Absoluut aantal inwoners;11.135;11.185;11.160
221;Doesburg;Bevolkingsgroei (% t.o.v. 2020);0,5;1,0;0,7
222;Doetinchem;Absoluut aantal inwoners;57.814;58.232;57.880
222;Doetinchem;Bevolkingsgroei (% t.o.v. 2020);-0,3;0,4;-0,2
225;Druten;Absoluut aantal inwoners;19.046;19.308;19.319
225;Druten;Bevolkingsgroei (% t.o.v. 2020);0,6;2,0;2,1
226;Duiven;Absoluut aantal inwoners;23.945;23.664;23.584
226;Duiven;Bevolkingsgroei (% t.o.v. 2020);-4,7;-5,8;-6,1
228;Ede;Absoluut aantal inwoners;126.416;132.803;135.223
228;Ede;Bevolkingsgroei (% t.o.v. 2020);7,9;13,3;15,4
230;Elburg;Absoluut aantal inwoners;24.091;24.392;24.395
230;Elburg;Bevolkingsgroei (% t.o.v. 2020);4,0;5,3;5,3
232;Epe;Absoluut aantal inwoners;32.887;33.061;33.247
232;Epe;Bevolkingsgroei (% t.o.v. 2020);-0,9;-0,4;0,2
233;Ermelo;Absoluut aantal inwoners;27.876;28.529;28.672
233;Ermelo;Bevolkingsgroei (% t.o.v. 2020);3,2;5,6;6,2
243;Harderwijk;Absoluut aantal inwoners;48.605;49.048;48.804
243;Harderwijk;Bevolkingsgroei (% t.o.v. 2020);0,4;1,3;0,8
244;Hattem;Absoluut aantal inwoners;12.734;12.980;13.027
244;Hattem;Bevolkingsgroei (% t.o.v. 2020);4,3;6,3;6,7
246;Heerde;Absoluut aantal inwoners;17.852;17.752;17.725
246;Heerde;Bevolkingsgroei (% t.o.v. 2020);-4,0;-4,5;-4,6
252;Heumen;Absoluut aantal inwoners;15.673;15.703;15.760
252;Heumen;Bevolkingsgroei (% t.o.v. 2020);-4,7;-4,6;-4,2
262;Lochem;Absoluut aantal inwoners;33.407;32.849;30.838
262;Lochem;Bevolkingsgroei (% t.o.v. 2020);-1,0;-2,6;-8,6
263;Maasdriel;Absoluut aantal inwoners;25.668;25.849;25.659
263;Maasdriel;Bevolkingsgroei (% t.o.v. 2020);2,5;3,3;2,5
267;Nijkerk;Absoluut aantal inwoners;45.165;46.727;47.731
267;Nijkerk;Bevolkingsgroei (% t.o.v. 2020);4,6;8,2;10,6
268;Nijmegen;Absoluut aantal inwoners;194.959;200.976;201.875
268;Nijmegen;Bevolkingsgroei (% t.o.v. 2020);9,7;13,1;13,6
269;Oldebroek;Absoluut aantal inwoners;24.199;24.124;24.010
269;Oldebroek;Bevolkingsgroei (% t.o.v. 2020);2,3;2,0;1,5
273;Putten;Absoluut aantal inwoners;24.841;25.158;25.145
273;Putten;Bevolkingsgroei (% t.o.v. 2020);3,0;4,3;4,3
274;Renkum;Absoluut aantal inwoners;30.711;29.902;29.176
274;Renkum;Bevolkingsgroei (% t.o.v. 2020);-2,3;-4,8;-7,1
275;Rheden;Absoluut aantal inwoners;43.825;44.096;44.013
275;Rheden;Bevolkingsgroei (% t.o.v. 2020);0,1;0,8;0,6
277;Rozendaal;Absoluut aantal inwoners;1.728;1.832;1.942
277;Rozendaal;Bevolkingsgroei (% t.o.v. 2020);1,4;7,5;14,0
279;Scherpenzeel;Absoluut aantal inwoners;10.665;11.118;11.426
279;Scherpenzeel;Bevolkingsgroei (% t.o.v. 2020);7,9;12,5;15,6
281;Tiel;Absoluut aantal inwoners;42.742;43.398;43.358
281;Tiel;Bevolkingsgroei (% t.o.v. 2020);1,4;2,9;2,8
285;Voorst;Absoluut aantal inwoners;24.779;24.833;24.299
285;Voorst;Bevolkingsgroei (% t.o.v. 2020);0,9;1,1;-1,0
289;Wageningen;Absoluut aantal inwoners;42.905;44.935;45.630
289;Wageningen;Bevolkingsgroei (% t.o.v. 2020);8,2;13,3;15,0
293;Westervoort;Absoluut aantal inwoners;15.327;15.451;15.524
293;Westervoort;Bevolkingsgroei (% t.o.v. 2020);2,4;3,2;3,7
294;Winterswijk;Absoluut aantal inwoners;29.144;28.986;28.557
294;Winterswijk;Bevolkingsgroei (% t.o.v. 2020);1,0;0,5;-1,0
296;Wijchen;Absoluut aantal inwoners;39.483;39.221;39.211
296;Wijchen;Bevolkingsgroei (% t.o.v. 2020);-4,0;-4,6;-4,6
297;Zaltbommel;Absoluut aantal inwoners;29.136;29.290;29.044
297;Zaltbommel;Bevolkingsgroei (% t.o.v. 2020);0,9;1,4;0,6
299;Zevenaar;Absoluut aantal inwoners;43.140;42.923;42.623
299;Zevenaar;Bevolkingsgroei (% t.o.v. 2020);-1,4;-1,9;-2,6
301;Zutphen;Absoluut aantal inwoners;48.178;48.200;47.512
301;Zutphen;Bevolkingsgroei (% t.o.v. 2020);0,5;0,6;-0,9
302;Nunspeet;Absoluut aantal inwoners;28.440;29.354;29.688
302;Nunspeet;Bevolkingsgroei (% t.o.v. 2020);2,1;5,4;6,6
303;Dronten;Absoluut aantal inwoners;41.470;41.700;41.310
303;Dronten;Bevolkingsgroei (% t.o.v. 2020);-0,2;0,3;-0,6
307;Amersfoort;Absoluut aantal inwoners;167.965;173.131;175.220
307;Amersfoort;Bevolkingsgroei (% t.o.v. 2020);6,8;10,1;11,4
308;Baarn;Absoluut aantal inwoners;25.583;25.994;26.127
308;Baarn;Bevolkingsgroei (% t.o.v. 2020);2,9;4,5;5,1
310;De Bilt;Absoluut aantal inwoners;42.224;42.685;42.724
310;De Bilt;Bevolkingsgroei (% t.o.v. 2020);-2,1;-1,0;-1,0
312;Bunnik;Absoluut aantal inwoners;16.105;16.368;16.293
312;Bunnik;Bevolkingsgroei (% t.o.v. 2020);6,0;7,7;7,3
313;Bunschoten;Absoluut aantal inwoners;23.977;25.127;25.944
313;Bunschoten;Bevolkingsgroei (% t.o.v. 2020);9,7;14,9;18,6
317;Eemnes;Absoluut aantal inwoners;9.556;9.990;10.249
317;Eemnes;Bevolkingsgroei (% t.o.v. 2020);3,3;8,0;10,8
321;Houten;Absoluut aantal inwoners;52.704;54.984;56.098
321;Houten;Bevolkingsgroei (% t.o.v. 2020);5,1;9,6;11,9
327;Leusden;Absoluut aantal inwoners;30.122;31.326;32.075
327;Leusden;Bevolkingsgroei (% t.o.v. 2020);-0,9;3,0;5,5
331;Lopik;Absoluut aantal inwoners;13.655;13.934;14.144
331;Lopik;Bevolkingsgroei (% t.o.v. 2020);-5,6;-3,7;-2,2
335;Montfoort;Absoluut aantal inwoners;13.722;13.805;13.849
335;Montfoort;Bevolkingsgroei (% t.o.v. 2020);-1,4;-0,8;-0,5
339;Renswoude;Absoluut aantal inwoners;5.451;5.962;6.343
339;Renswoude;Bevolkingsgroei (% t.o.v. 2020);0,1;9,5;16,5
340;Rhenen;Absoluut aantal inwoners;20.606;21.075;21.250
340;Rhenen;Bevolkingsgroei (% t.o.v. 2020);2,4;4,8;5,6
342;Soest;Absoluut aantal inwoners;46.628;47.235;47.472
342;Soest;Bevolkingsgroei (% t.o.v. 2020);0,0;1,3;1,9
344;Utrecht (gemeente);Absoluut aantal inwoners;412.343;433.194;440.759
344;Utrecht (gemeente);Bevolkingsgroei (% t.o.v. 2020);15,3;21,1;23,3
345;Veenendaal;Absoluut aantal inwoners;69.272;71.251;71.984
345;Veenendaal;Bevolkingsgroei (% t.o.v. 2020);4,2;7,2;8,3
351;Woudenberg;Absoluut aantal inwoners;14.915;16.163;17.128
351;Woudenberg;Bevolkingsgroei (% t.o.v. 2020);11,6;21,0;28,2
352;Wijk bij Duurstede;Absoluut aantal inwoners;24.156;24.390;24.344
352;Wijk bij Duurstede;Bevolkingsgroei (% t.o.v. 2020);1,0;2,0;1,8
353;IJsselstein;Absoluut aantal inwoners;33.561;33.544;33.349
353;IJsselstein;Bevolkingsgroei (% t.o.v. 2020);-1,6;-1,7;-2,2
355;Zeist;Absoluut aantal inwoners;68.449;70.594;71.250
355;Zeist;Bevolkingsgroei (% t.o.v. 2020);5,5;8,8;9,8
356;Nieuwegein;Absoluut aantal inwoners;66.470;67.842;67.995
356;Nieuwegein;Bevolkingsgroei (% t.o.v. 2020);4,7;6,9;7,1
358;Aalsmeer;Absoluut aantal inwoners;32.020;32.108;32.674
358;Aalsmeer;Bevolkingsgroei (% t.o.v. 2020);0,5;0,8;2,6
361;Alkmaar;Absoluut aantal inwoners;112.098;112.102;111.846
361;Alkmaar;Bevolkingsgroei (% t.o.v. 2020);2,4;2,4;2,2
362;Amstelveen;Absoluut aantal inwoners;98.791;100.907;102.959
362;Amstelveen;Bevolkingsgroei (% t.o.v. 2020);7,8;10,1;12,3
363;Amsterdam;Absoluut aantal inwoners;969.088;1.030.903;1.054.645
363;Amsterdam;Bevolkingsgroei (% t.o.v. 2020);11,0;18,1;20,8
370;Beemster;Absoluut aantal inwoners;11.705;12.666;13.275
370;Beemster;Bevolkingsgroei (% t.o.v. 2020);16,8;26,4;32,5
373;Bergen (NH.);Absoluut aantal inwoners;28.855;29.563;30.001
373;Bergen (NH.);Bevolkingsgroei (% t.o.v. 2020);-3,3;-0,9;0,5
375;Beverwijk;Absoluut aantal inwoners;44.198;45.052;45.208
375;Beverwijk;Bevolkingsgroei (% t.o.v. 2020);6,2;8,2;8,6
376;Blaricum;Absoluut aantal inwoners;11.929;12.353;12.708
376;Blaricum;Bevolkingsgroei (% t.o.v. 2020);3,4;7,0;10,1
377;Bloemendaal;Absoluut aantal inwoners;23.232;23.613;23.672
377;Bloemendaal;Bevolkingsgroei (% t.o.v. 2020);-1,4;0,2;0,4
383;Castricum;Absoluut aantal inwoners;36.609;37.349;37.653
383;Castricum;Bevolkingsgroei (% t.o.v. 2020);1,7;3,8;4,6
384;Diemen;Absoluut aantal inwoners;34.097;36.604;37.381
384;Diemen;Bevolkingsgroei (% t.o.v. 2020);10,8;18,9;21,4
385;Edam-Volendam;Absoluut aantal inwoners;36.276;35.940;35.876
385;Edam-Volendam;Bevolkingsgroei (% t.o.v. 2020);0,2;-0,7;-0,9
388;Enkhuizen;Absoluut aantal inwoners;19.262;19.248;19.258
388;Enkhuizen;Bevolkingsgroei (% t.o.v. 2020);3,6;3,5;3,6
392;Haarlem;Absoluut aantal inwoners;170.509;174.274;177.869
392;Haarlem;Bevolkingsgroei (% t.o.v. 2020);4,7;7,0;9,2
394;Haarlemmermeer;Absoluut aantal inwoners;176.727;184.770;191.091
394;Haarlemmermeer;Bevolkingsgroei (% t.o.v. 2020);13,3;18,4;22,5
396;Heemskerk;Absoluut aantal inwoners;39.316;39.127;38.659
396;Heemskerk;Bevolkingsgroei (% t.o.v. 2020);0,3;-0,1;-1,3
397;Heemstede;Absoluut aantal inwoners;26.617;26.892;27.155
397;Heemstede;Bevolkingsgroei (% t.o.v. 2020);-2,3;-1,3;-0,3
398;Heerhugowaard;Absoluut aantal inwoners;58.889;59.261;59.071
398;Heerhugowaard;Bevolkingsgroei (% t.o.v. 2020);2,3;2,9;2,6
399;Heiloo;Absoluut aantal inwoners;24.053;25.048;25.737
399;Heiloo;Bevolkingsgroei (% t.o.v. 2020);0,4;4,5;7,4
400;Den Helder;Absoluut aantal inwoners;53.199;52.369;49.573
400;Den Helder;Bevolkingsgroei (% t.o.v. 2020);-5,5;-7,0;-11,9
402;Hilversum;Absoluut aantal inwoners;94.720;96.610;97.419
402;Hilversum;Bevolkingsgroei (% t.o.v. 2020);4,3;6,4;7,3
405;Hoorn;Absoluut aantal inwoners;74.701;75.411;74.986
405;Hoorn;Bevolkingsgroei (% t.o.v. 2020);2,0;2,9;2,4
406;Huizen;Absoluut aantal inwoners;41.135;41.227;41.539
406;Huizen;Bevolkingsgroei (% t.o.v. 2020);-0,3;-0,1;0,6
415;Landsmeer;Absoluut aantal inwoners;11.398;11.424;11.823
415;Landsmeer;Bevolkingsgroei (% t.o.v. 2020);-0,8;-0,6;2,9
416;Langedijk;Absoluut aantal inwoners;28.909;28.945;29.132
416;Langedijk;Bevolkingsgroei (% t.o.v. 2020);2,6;2,8;3,4
417;Laren (NH.);Absoluut aantal inwoners;11.085;11.483;11.873
417;Laren (NH.);Bevolkingsgroei (% t.o.v. 2020);-1,7;1,8;5,3
420;Medemblik;Absoluut aantal inwoners;44.894;44.849;44.724
420;Medemblik;Bevolkingsgroei (% t.o.v. 2020);-0,5;-0,6;-0,8
431;Oostzaan;Absoluut aantal inwoners;10.043;10.400;10.679
431;Oostzaan;Bevolkingsgroei (% t.o.v. 2020);3,2;6,8;9,7
432;Opmeer;Absoluut aantal inwoners;12.029;12.349;12.721
432;Opmeer;Bevolkingsgroei (% t.o.v. 2020);1,6;4,3;7,5
437;Ouder-Amstel;Absoluut aantal inwoners;18.880;21.147;22.820
437;Ouder-Amstel;Bevolkingsgroei (% t.o.v. 2020);34,6;50,8;62,7
439;Purmerend;Absoluut aantal inwoners;86.447;89.369;90.792
439;Purmerend;Bevolkingsgroei (% t.o.v. 2020);6,4;10,0;11,7
441;Schagen;Absoluut aantal inwoners;46.343;46.398;46.455
441;Schagen;Bevolkingsgroei (% t.o.v. 2020);-0,3;-0,2;-0,1
448;Texel;Absoluut aantal inwoners;13.554;13.366;13.075
448;Texel;Bevolkingsgroei (% t.o.v. 2020);-0,2;-1,5;-3,7
450;Uitgeest;Absoluut aantal inwoners;13.713;13.910;13.870
450;Uitgeest;Bevolkingsgroei (% t.o.v. 2020);0,3;1,8;1,5
451;Uithoorn;Absoluut aantal inwoners;31.081;31.775;31.757
451;Uithoorn;Bevolkingsgroei (% t.o.v. 2020);5,4;7,8;7,7
453;Velsen;Absoluut aantal inwoners;70.862;72.640;73.174
453;Velsen;Bevolkingsgroei (% t.o.v. 2020);3,2;5,8;6,6
457;Weesp;Absoluut aantal inwoners;22.128;23.896;25.121
457;Weesp;Bevolkingsgroei (% t.o.v. 2020);12,1;21,1;27,3
473;Zandvoort;Absoluut aantal inwoners;17.346;17.547;17.574
473;Zandvoort;Bevolkingsgroei (% t.o.v. 2020);1,3;2,5;2,7
479;Zaanstad;Absoluut aantal inwoners;166.239;171.285;174.258
479;Zaanstad;Bevolkingsgroei (% t.o.v. 2020);6,0;9,2;11,1
482;Alblasserdam;Absoluut aantal inwoners;20.837;21.039;20.985
482;Alblasserdam;Bevolkingsgroei (% t.o.v. 2020);3,3;4,3;4,1
484;Alphen aan den Rijn;Absoluut aantal inwoners;120.955;127.764;129.448
484;Alphen aan den Rijn;Bevolkingsgroei (% t.o.v. 2020);8,1;14,2;15,7
489;Barendrecht;Absoluut aantal inwoners;48.884;50.031;50.608
489;Barendrecht;Bevolkingsgroei (% t.o.v. 2020);0,3;2,7;3,9
498;Drechterland;Absoluut aantal inwoners;20.102;20.238;20.328
498;Drechterland;Bevolkingsgroei (% t.o.v. 2020);1,9;2,6;3,1
501;Brielle;Absoluut aantal inwoners;18.600;19.695;20.256
501;Brielle;Bevolkingsgroei (% t.o.v. 2020);7,7;14,0;17,3
502;Capelle aan den IJssel;Absoluut aantal inwoners;69.549;69.976;70.122
502;Capelle aan den IJssel;Bevolkingsgroei (% t.o.v. 2020);3,6;4,3;4,5
503;Delft;Absoluut aantal inwoners;117.828;124.619;129.873
503;Delft;Bevolkingsgroei (% t.o.v. 2020);13,7;20,3;25,4
505;Dordrecht;Absoluut aantal inwoners;125.044;126.068;125.323
505;Dordrecht;Bevolkingsgroei (% t.o.v. 2020);4,8;5,7;5,1
512;Gorinchem;Absoluut aantal inwoners;39.321;40.555;40.721
512;Gorinchem;Bevolkingsgroei (% t.o.v. 2020);6,2;9,5;10,0
513;Gouda;Absoluut aantal inwoners;78.915;83.066;85.680
513;Gouda;Bevolkingsgroei (% t.o.v. 2020);7,5;13,1;16,7
518;'s-Gravenhage (gemeente);Absoluut aantal inwoners;594.699;619.529;632.995
518;'s-Gravenhage (gemeente);Bevolkingsgroei (% t.o.v. 2020);9,0;13,5;16,0
523;Hardinxveld-Giessendam;Absoluut aantal inwoners;18.683;18.822;18.736
523;Hardinxveld-Giessendam;Bevolkingsgroei (% t.o.v. 2020);2,1;2,9;2,4
530;Hellevoetsluis;Absoluut aantal inwoners;40.505;40.674;40.725
530;Hellevoetsluis;Bevolkingsgroei (% t.o.v. 2020);0,9;1,3;1,5
531;Hendrik-Ido-Ambacht;Absoluut aantal inwoners;31.976;32.179;32.051
531;Hendrik-Ido-Ambacht;Bevolkingsgroei (% t.o.v. 2020);2,5;3,1;2,7
532;Stede Broec;Absoluut aantal inwoners;21.792;21.922;22.115
532;Stede Broec;Bevolkingsgroei (% t.o.v. 2020);0,3;0,9;1,8
534;Hillegom;Absoluut aantal inwoners;22.965;23.400;23.441
534;Hillegom;Bevolkingsgroei (% t.o.v. 2020);3,4;5,4;5,5
537;Katwijk;Absoluut aantal inwoners;68.384;69.676;70.075
537;Katwijk;Bevolkingsgroei (% t.o.v. 2020);4,0;6,0;6,6
542;Krimpen aan den IJssel;Absoluut aantal inwoners;28.719;28.469;28.506
542;Krimpen aan den IJssel;Bevolkingsgroei (% t.o.v. 2020);-2,7;-3,6;-3,5
546;Leiden;Absoluut aantal inwoners;137.992;145.156;150.955
546;Leiden;Bevolkingsgroei (% t.o.v. 2020);10,3;16,0;20,7
547;Leiderdorp;Absoluut aantal inwoners;28.458;29.517;30.033
547;Leiderdorp;Bevolkingsgroei (% t.o.v. 2020);5,2;9,1;11,0
553;Lisse;Absoluut aantal inwoners;23.175;23.402;23.364
553;Lisse;Bevolkingsgroei (% t.o.v. 2020);1,0;1,9;1,8
556;Maassluis;Absoluut aantal inwoners;34.948;35.850;36.001
556;Maassluis;Bevolkingsgroei (% t.o.v. 2020);5,2;7,9;8,4
569;Nieuwkoop;Absoluut aantal inwoners;29.514;30.538;31.010
569;Nieuwkoop;Bevolkingsgroei (% t.o.v. 2020);2,4;6,0;7,6
575;Noordwijk;Absoluut aantal inwoners;45.855;46.980;47.500
575;Noordwijk;Bevolkingsgroei (% t.o.v. 2020);5,4;8,0;9,2
579;Oegstgeest;Absoluut aantal inwoners;26.238;27.808;28.897
579;Oegstgeest;Bevolkingsgroei (% t.o.v. 2020);5,6;11,9;16,3
589;Oudewater;Absoluut aantal inwoners;10.524;10.878;11.195
589;Oudewater;Bevolkingsgroei (% t.o.v. 2020);2,9;6,3;9,4
590;Papendrecht;Absoluut aantal inwoners;32.896;32.997;32.755
590;Papendrecht;Bevolkingsgroei (% t.o.v. 2020);2,4;2,7;1,9
597;Ridderkerk;Absoluut aantal inwoners;47.286;47.513;47.488
597;Ridderkerk;Bevolkingsgroei (% t.o.v. 2020);2,4;2,9;2,8
599;Rotterdam;Absoluut aantal inwoners;712.806;746.122;764.268
599;Rotterdam;Bevolkingsgroei (% t.o.v. 2020);9,5;14,6;17,4
603;Rijswijk (ZH.);Absoluut aantal inwoners;65.762;69.062;70.464
603;Rijswijk (ZH.);Bevolkingsgroei (% t.o.v. 2020);20,8;26,8;29,4
606;Schiedam;Absoluut aantal inwoners;79.387;80.721;81.188
606;Schiedam;Bevolkingsgroei (% t.o.v. 2020);0,8;2,5;3,1
610;Sliedrecht;Absoluut aantal inwoners;26.055;26.635;26.955
610;Sliedrecht;Bevolkingsgroei (% t.o.v. 2020);3,3;5,6;6,9
613;Albrandswaard;Absoluut aantal inwoners;24.591;24.437;24.371
613;Albrandswaard;Bevolkingsgroei (% t.o.v. 2020);-3,9;-4,5;-4,8
614;Westvoorne;Absoluut aantal inwoners;15.362;15.961;16.288
614;Westvoorne;Bevolkingsgroei (% t.o.v. 2020);4,3;8,3;10,6
622;Vlaardingen;Absoluut aantal inwoners;74.407;75.186;75.134
622;Vlaardingen;Bevolkingsgroei (% t.o.v. 2020);1,4;2,4;2,4
626;Voorschoten;Absoluut aantal inwoners;26.034;26.438;26.623
626;Voorschoten;Bevolkingsgroei (% t.o.v. 2020);1,7;3,3;4,0
627;Waddinxveen;Absoluut aantal inwoners;31.708;33.045;33.743
627;Waddinxveen;Bevolkingsgroei (% t.o.v. 2020);8,3;12,8;15,2
629;Wassenaar;Absoluut aantal inwoners;25.457;26.002;26.259
629;Wassenaar;Bevolkingsgroei (% t.o.v. 2020);-3,2;-1,2;-0,2
632;Woerden;Absoluut aantal inwoners;52.960;53.687;53.946
632;Woerden;Bevolkingsgroei (% t.o.v. 2020);1,3;2,7;3,1
637;Zoetermeer;Absoluut aantal inwoners;134.344;141.349;145.026
637;Zoetermeer;Bevolkingsgroei (% t.o.v. 2020);7,2;12,8;15,8
638;Zoeterwoude;Absoluut aantal inwoners;9.232;10.285;11.178
638;Zoeterwoude;Bevolkingsgroei (% t.o.v. 2020);7,3;19,5;29,9
642;Zwijndrecht;Absoluut aantal inwoners;47.276;48.159;48.601
642;Zwijndrecht;Bevolkingsgroei (% t.o.v. 2020);5,7;7,6;8,6
654;Borsele;Absoluut aantal inwoners;22.761;22.772;22.807
654;Borsele;Bevolkingsgroei (% t.o.v. 2020);0,1;0,1;0,3
664;Goes;Absoluut aantal inwoners;38.921;38.817;38.442
664;Goes;Bevolkingsgroei (% t.o.v. 2020);2,2;1,9;0,9
668;West Maas en Waal;Absoluut aantal inwoners;19.174;19.261;19.281
668;West Maas en Waal;Bevolkingsgroei (% t.o.v. 2020);-0,8;-0,3;-0,2
677;Hulst;Absoluut aantal inwoners;27.389;27.315;26.849
677;Hulst;Bevolkingsgroei (% t.o.v. 2020);-0,6;-0,9;-2,6
678;Kapelle;Absoluut aantal inwoners;13.280;13.484;14.136
678;Kapelle;Bevolkingsgroei (% t.o.v. 2020);4,6;6,2;11,4
687;Middelburg (Z.);Absoluut aantal inwoners;50.139;50.556;50.540
687;Middelburg (Z.);Bevolkingsgroei (% t.o.v. 2020);2,7;3,6;3,5
703;Reimerswaal;Absoluut aantal inwoners;23.593;23.664;24.220
703;Reimerswaal;Bevolkingsgroei (% t.o.v. 2020);3,8;4,1;6,6
715;Terneuzen;Absoluut aantal inwoners;53.742;53.933;53.186
715;Terneuzen;Bevolkingsgroei (% t.o.v. 2020);-1,3;-0,9;-2,3
716;Tholen;Absoluut aantal inwoners;25.491;25.126;24.980
716;Tholen;Bevolkingsgroei (% t.o.v. 2020);-1,0;-2,4;-3,0
717;Veere;Absoluut aantal inwoners;21.844;22.021;22.074
717;Veere;Bevolkingsgroei (% t.o.v. 2020);-0,2;0,6;0,9
718;Vlissingen;Absoluut aantal inwoners;44.714;44.666;44.281
718;Vlissingen;Bevolkingsgroei (% t.o.v. 2020);0,8;0,7;-0,2
736;De Ronde Venen;Absoluut aantal inwoners;43.253;43.566;43.840
736;De Ronde Venen;Bevolkingsgroei (% t.o.v. 2020);-2,7;-2,0;-1,4
737;Tytsjerksteradiel;Absoluut aantal inwoners;30.597;29.654;28.560
737;Tytsjerksteradiel;Bevolkingsgroei (% t.o.v. 2020);-4,5;-7,5;-10,9
743;Asten;Absoluut aantal inwoners;17.803;18.289;18.477
743;Asten;Bevolkingsgroei (% t.o.v. 2020);6,5;9,4;10,5
744;Baarle-Nassau;Absoluut aantal inwoners;7.149;7.210;7.281
744;Baarle-Nassau;Bevolkingsgroei (% t.o.v. 2020);4,2;5,1;6,2
748;Bergen op Zoom;Absoluut aantal inwoners;67.404;68.297;68.301
748;Bergen op Zoom;Bevolkingsgroei (% t.o.v. 2020);-0,1;1,2;1,2
753;Best;Absoluut aantal inwoners;30.377;30.621;30.146
753;Best;Bevolkingsgroei (% t.o.v. 2020);1,3;2,1;0,5
755;Boekel;Absoluut aantal inwoners;10.831;10.978;10.961
755;Boekel;Bevolkingsgroei (% t.o.v. 2020);0,4;1,8;1,6
756;Boxmeer;Absoluut aantal inwoners;29.190;29.316;29.099
756;Boxmeer;Bevolkingsgroei (% t.o.v. 2020);-0,6;-0,2;-0,9
757;Boxtel;Absoluut aantal inwoners;31.873;32.766;33.001
757;Boxtel;Bevolkingsgroei (% t.o.v. 2020);3,5;6,4;7,1
758;Breda;Absoluut aantal inwoners;197.942;206.929;210.660
758;Breda;Bevolkingsgroei (% t.o.v. 2020);7,5;12,4;14,4
762;Deurne;Absoluut aantal inwoners;33.870;34.672;35.063
762;Deurne;Bevolkingsgroei (% t.o.v. 2020);4,3;6,8;8,0
765;Pekela;Absoluut aantal inwoners;11.776;11.115;10.678
765;Pekela;Bevolkingsgroei (% t.o.v. 2020);-3,4;-8,9;-12,4
766;Dongen;Absoluut aantal inwoners;26.286;26.367;26.123
766;Dongen;Bevolkingsgroei (% t.o.v. 2020);0,2;0,6;-0,4
770;Eersel;Absoluut aantal inwoners;19.491;20.270;20.662
770;Eersel;Bevolkingsgroei (% t.o.v. 2020);0,9;5,0;7,0
772;Eindhoven;Absoluut aantal inwoners;257.564;271.562;276.208
772;Eindhoven;Bevolkingsgroei (% t.o.v. 2020);9,9;15,9;17,8
777;Etten-Leur;Absoluut aantal inwoners;45.723;46.515;46.822
777;Etten-Leur;Bevolkingsgroei (% t.o.v. 2020);4,2;6,0;6,7
779;Geertruidenberg;Absoluut aantal inwoners;21.580;21.584;21.468
779;Geertruidenberg;Bevolkingsgroei (% t.o.v. 2020);0,2;0,2;-0,4
784;Gilze en Rijen;Absoluut aantal inwoners;27.216;28.185;28.749
784;Gilze en Rijen;Bevolkingsgroei (% t.o.v. 2020);3,0;6,6;8,8
785;Goirle;Absoluut aantal inwoners;23.822;23.707;23.480
785;Goirle;Bevolkingsgroei (% t.o.v. 2020);-0,3;-0,8;-1,8
786;Grave;Absoluut aantal inwoners;11.456;11.530;11.590
786;Grave;Bevolkingsgroei (% t.o.v. 2020);-7,9;-7,3;-6,8
788;Haaren;Absoluut aantal inwoners;13.588;13.232;12.921
788;Haaren;Bevolkingsgroei (% t.o.v. 2020);-5,4;-7,9;-10,1
794;Helmond;Absoluut aantal inwoners;98.795;102.966;103.575
794;Helmond;Bevolkingsgroei (% t.o.v. 2020);6,9;11,4;12,1
796;'s-Hertogenbosch;Absoluut aantal inwoners;164.006;168.312;169.740
796;'s-Hertogenbosch;Bevolkingsgroei (% t.o.v. 2020);5,7;8,5;9,4
797;Heusden;Absoluut aantal inwoners;44.771;45.176;44.856
797;Heusden;Bevolkingsgroei (% t.o.v. 2020);0,2;1,1;0,4
798;Hilvarenbeek;Absoluut aantal inwoners;15.092;14.771;14.442
798;Hilvarenbeek;Bevolkingsgroei (% t.o.v. 2020);-2,7;-4,8;-6,9
809;Loon op Zand;Absoluut aantal inwoners;24.140;24.958;25.422
809;Loon op Zand;Bevolkingsgroei (% t.o.v. 2020);3,1;6,6;8,6
815;Mill en Sint Hubert;Absoluut aantal inwoners;11.135;11.566;11.767
815;Mill en Sint Hubert;Bevolkingsgroei (% t.o.v. 2020);1,8;5,7;7,6
820;Nuenen, Gerwen en Nederwetten;Absoluut aantal inwoners;24.040;24.861;25.313
820;Nuenen, Gerwen en Nederwetten;Bevolkingsgroei (% t.o.v. 2020);2,8;6,3;8,3
823;Oirschot;Absoluut aantal inwoners;18.836;18.756;18.689
823;Oirschot;Bevolkingsgroei (% t.o.v. 2020);0,7;0,2;-0,1
824;Oisterwijk;Absoluut aantal inwoners;25.462;25.304;24.781
824;Oisterwijk;Bevolkingsgroei (% t.o.v. 2020);-3,0;-3,6;-5,6
826;Oosterhout;Absoluut aantal inwoners;58.049;58.227;57.601
826;Oosterhout;Bevolkingsgroei (% t.o.v. 2020);3,7;4,0;2,9
828;Oss;Absoluut aantal inwoners;98.475;102.489;103.687
828;Oss;Bevolkingsgroei (% t.o.v. 2020);7,1;11,5;12,8
840;Rucphen;Absoluut aantal inwoners;22.880;23.068;23.021
840;Rucphen;Bevolkingsgroei (% t.o.v. 2020);0,0;0,8;0,6
845;Sint-Michielsgestel;Absoluut aantal inwoners;28.292;28.371;28.271
845;Sint-Michielsgestel;Bevolkingsgroei (% t.o.v. 2020);-3,1;-2,9;-3,2
847;Someren;Absoluut aantal inwoners;20.782;21.488;21.762
847;Someren;Bevolkingsgroei (% t.o.v. 2020);7,3;10,9;12,4
848;Son en Breugel;Absoluut aantal inwoners;17.039;17.159;17.064
848;Son en Breugel;Bevolkingsgroei (% t.o.v. 2020);-1,6;-0,9;-1,5
851;Steenbergen;Absoluut aantal inwoners;27.184;27.309;27.288
851;Steenbergen;Bevolkingsgroei (% t.o.v. 2020);11,3;11,8;11,8
852;Waterland;Absoluut aantal inwoners;17.952;18.408;18.824
852;Waterland;Bevolkingsgroei (% t.o.v. 2020);3,0;5,6;8,0
855;Tilburg;Absoluut aantal inwoners;230.500;241.473;248.044
855;Tilburg;Bevolkingsgroei (% t.o.v. 2020);4,9;9,9;12,9
856;Uden;Absoluut aantal inwoners;43.135;43.736;43.685
856;Uden;Bevolkingsgroei (% t.o.v. 2020);2,4;3,8;3,7
858;Valkenswaard;Absoluut aantal inwoners;31.250;31.437;31.198
858;Valkenswaard;Bevolkingsgroei (% t.o.v. 2020);0,2;0,8;0,0
861;Veldhoven;Absoluut aantal inwoners;47.112;49.045;49.993
861;Veldhoven;Bevolkingsgroei (% t.o.v. 2020);3,6;7,9;10,0
865;Vught;Absoluut aantal inwoners;26.055;26.168;26.170
865;Vught;Bevolkingsgroei (% t.o.v. 2020);-1,9;-1,5;-1,5
866;Waalre;Absoluut aantal inwoners;16.932;16.962;16.911
866;Waalre;Bevolkingsgroei (% t.o.v. 2020);-3,0;-2,8;-3,1
867;Waalwijk;Absoluut aantal inwoners;51.211;54.116;56.507
867;Waalwijk;Bevolkingsgroei (% t.o.v. 2020);5,3;11,3;16,2
873;Woensdrecht;Absoluut aantal inwoners;21.657;21.647;21.730
873;Woensdrecht;Bevolkingsgroei (% t.o.v. 2020);-1,0;-1,0;-0,7
879;Zundert;Absoluut aantal inwoners;22.234;23.116;23.605
879;Zundert;Bevolkingsgroei (% t.o.v. 2020);1,9;5,9;8,1
880;Wormerland;Absoluut aantal inwoners;16.308;16.461;16.506
880;Wormerland;Bevolkingsgroei (% t.o.v. 2020);0,2;1,2;1,5
882;Landgraaf;Absoluut aantal inwoners;37.069;36.297;35.103
882;Landgraaf;Bevolkingsgroei (% t.o.v. 2020);-1,0;-3,1;-6,3
888;Beek (L.);Absoluut aantal inwoners;15.601;15.215;14.543
888;Beek (L.);Bevolkingsgroei (% t.o.v. 2020);-1,7;-4,1;-8,3
889;Beesel;Absoluut aantal inwoners;12.910;12.521;11.978
889;Beesel;Bevolkingsgroei (% t.o.v. 2020);-4,2;-7,1;-11,2
893;Bergen (L.);Absoluut aantal inwoners;12.601;12.340;11.907
893;Bergen (L.);Bevolkingsgroei (% t.o.v. 2020);-3,7;-5,7;-9,0
899;Brunssum;Absoluut aantal inwoners;27.207;25.993;24.290
899;Brunssum;Bevolkingsgroei (% t.o.v. 2020);-2,2;-6,6;-12,7
907;Gennep;Absoluut aantal inwoners;16.582;16.435;16.363
907;Gennep;Bevolkingsgroei (% t.o.v. 2020);-2,0;-2,9;-3,3
917;Heerlen;Absoluut aantal inwoners;87.054;86.458;84.222
917;Heerlen;Bevolkingsgroei (% t.o.v. 2020);0,0;-0,7;-3,3
928;Kerkrade;Absoluut aantal inwoners;44.514;42.017;39.448
928;Kerkrade;Bevolkingsgroei (% t.o.v. 2020);-2,7;-8,2;-13,8
935;Maastricht;Absoluut aantal inwoners;122.987;124.190;124.476
935;Maastricht;Bevolkingsgroei (% t.o.v. 2020);1,2;2,2;2,4
938;Meerssen;Absoluut aantal inwoners;18.322;17.654;16.834
938;Meerssen;Bevolkingsgroei (% t.o.v. 2020);-2,7;-6,2;-10,6
944;Mook en Middelaar;Absoluut aantal inwoners;7.918;8.194;8.290
944;Mook en Middelaar;Bevolkingsgroei (% t.o.v. 2020);0,9;4,4;5,6
946;Nederweert;Absoluut aantal inwoners;17.266;16.987;16.820
946;Nederweert;Bevolkingsgroei (% t.o.v. 2020);1,5;-0,2;-1,2
957;Roermond;Absoluut aantal inwoners;61.997;63.470;63.909
957;Roermond;Bevolkingsgroei (% t.o.v. 2020);6,4;8,9;9,7
965;Simpelveld;Absoluut aantal inwoners;10.445;10.066;9.602
965;Simpelveld;Bevolkingsgroei (% t.o.v. 2020);-1,0;-4,6;-9,0
971;Stein (L.);Absoluut aantal inwoners;23.978;22.771;21.299
971;Stein (L.);Bevolkingsgroei (% t.o.v. 2020);-4,1;-8,9;-14,8
981;Vaals;Absoluut aantal inwoners;10.600;10.685;10.610
981;Vaals;Bevolkingsgroei (% t.o.v. 2020);4,9;5,7;5,0
983;Venlo;Absoluut aantal inwoners;104.710;106.075;105.924
983;Venlo;Bevolkingsgroei (% t.o.v. 2020);2,9;4,2;4,0
984;Venray;Absoluut aantal inwoners;41.917;41.224;40.245
984;Venray;Bevolkingsgroei (% t.o.v. 2020);-3,9;-5,5;-7,7
986;Voerendaal;Absoluut aantal inwoners;12.151;11.604;10.905
986;Voerendaal;Bevolkingsgroei (% t.o.v. 2020);-2,6;-7,0;-12,6
988;Weert;Absoluut aantal inwoners;49.933;49.575;49.175
988;Weert;Bevolkingsgroei (% t.o.v. 2020);-0,3;-1,1;-1,9
994;Valkenburg aan de Geul;Absoluut aantal inwoners;16.309;15.187;14.154
994;Valkenburg aan de Geul;Bevolkingsgroei (% t.o.v. 2020);-0,4;-7,2;-13,5
995;Lelystad;Absoluut aantal inwoners;82.353;86.561;89.483
995;Lelystad;Bevolkingsgroei (% t.o.v. 2020);4,8;10,1;13,8
1507;Horst aan de Maas;Absoluut aantal inwoners;41.743;41.335;40.452
1507;Horst aan de Maas;Bevolkingsgroei (% t.o.v. 2020);-1,6;-2,6;-4,7
1509;Oude IJsselstreek;Absoluut aantal inwoners;38.574;38.201;37.247
1509;Oude IJsselstreek;Bevolkingsgroei (% t.o.v. 2020);-2,1;-3,0;-5,4
1525;Teylingen;Absoluut aantal inwoners;37.870;39.229;40.267
1525;Teylingen;Bevolkingsgroei (% t.o.v. 2020);1,1;4,8;7,6
1581;Utrechtse Heuvelrug;Absoluut aantal inwoners;48.848;51.133;52.325
1581;Utrechtse Heuvelrug;Bevolkingsgroei (% t.o.v. 2020);-1,5;3,1;5,5
1586;Oost Gelre;Absoluut aantal inwoners;28.989;29.748;30.310
1586;Oost Gelre;Bevolkingsgroei (% t.o.v. 2020);-2,2;0,4;2,3
1598;Koggenland;Absoluut aantal inwoners;22.713;22.641;22.822
1598;Koggenland;Bevolkingsgroei (% t.o.v. 2020);-0,2;-0,5;0,3
1621;Lansingerland;Absoluut aantal inwoners;67.644;71.990;74.292
1621;Lansingerland;Bevolkingsgroei (% t.o.v. 2020);8,4;15,4;19,1
1640;Leudal;Absoluut aantal inwoners;34.724;34.060;32.944
1640;Leudal;Bevolkingsgroei (% t.o.v. 2020);-3,2;-5,1;-8,2
1641;Maasgouw;Absoluut aantal inwoners;22.810;22.202;20.863
1641;Maasgouw;Bevolkingsgroei (% t.o.v. 2020);-4,8;-7,4;-12,9
1652;Gemert-Bakel;Absoluut aantal inwoners;31.501;31.860;31.946
1652;Gemert-Bakel;Bevolkingsgroei (% t.o.v. 2020);2,5;3,7;4,0
1655;Halderberge;Absoluut aantal inwoners;30.114;29.816;29.481
1655;Halderberge;Bevolkingsgroei (% t.o.v. 2020);-0,6;-1,5;-2,7
1658;Heeze-Leende;Absoluut aantal inwoners;15.945;16.256;16.606
1658;Heeze-Leende;Bevolkingsgroei (% t.o.v. 2020);-1,3;0,6;2,8
1659;Laarbeek;Absoluut aantal inwoners;22.459;22.792;22.907
1659;Laarbeek;Bevolkingsgroei (% t.o.v. 2020);-0,3;1,2;1,7
1667;Reusel-De Mierden;Absoluut aantal inwoners;13.599;13.291;12.966
1667;Reusel-De Mierden;Bevolkingsgroei (% t.o.v. 2020);3,7;1,4;-1,1
1669;Roerdalen;Absoluut aantal inwoners;20.026;19.553;18.949
1669;Roerdalen;Bevolkingsgroei (% t.o.v. 2020);-2,7;-5,0;-7,9
1674;Roosendaal;Absoluut aantal inwoners;77.405;79.759;81.530
1674;Roosendaal;Bevolkingsgroei (% t.o.v. 2020);0,2;3,2;5,5
1676;Schouwen-Duiveland;Absoluut aantal inwoners;32.672;33.081;33.393
1676;Schouwen-Duiveland;Bevolkingsgroei (% t.o.v. 2020);-3,4;-2,2;-1,3
1680;Aa en Hunze;Absoluut aantal inwoners;24.130;24.177;23.809
1680;Aa en Hunze;Bevolkingsgroei (% t.o.v. 2020);-5,2;-5,0;-6,4
1681;Borger-Odoorn;Absoluut aantal inwoners;24.782;24.850;24.396
1681;Borger-Odoorn;Bevolkingsgroei (% t.o.v. 2020);-3,0;-2,8;-4,6
1684;Cuijk;Absoluut aantal inwoners;25.737;26.088;25.780
1684;Cuijk;Bevolkingsgroei (% t.o.v. 2020);2,4;3,8;2,6
1685;Landerd;Absoluut aantal inwoners;14.906;14.551;14.506
1685;Landerd;Bevolkingsgroei (% t.o.v. 2020);-5,2;-7,5;-7,8
1690;De Wolden;Absoluut aantal inwoners;23.668;23.686;23.354
1690;De Wolden;Bevolkingsgroei (% t.o.v. 2020);-2,7;-2,6;-4,0
1695;Noord-Beveland;Absoluut aantal inwoners;7.395;7.373;7.242
1695;Noord-Beveland;Bevolkingsgroei (% t.o.v. 2020);0,0;-0,3;-2,0
1696;Wijdemeren;Absoluut aantal inwoners;24.458;25.111;25.592
1696;Wijdemeren;Bevolkingsgroei (% t.o.v. 2020);0,4;3,1;5,1
1699;Noordenveld;Absoluut aantal inwoners;29.076;28.930;28.985
1699;Noordenveld;Bevolkingsgroei (% t.o.v. 2020);-7,0;-7,4;-7,3
1700;Twenterand;Absoluut aantal inwoners;32.407;31.690;30.761
1700;Twenterand;Bevolkingsgroei (% t.o.v. 2020);-4,0;-6,1;-8,8
1701;Westerveld;Absoluut aantal inwoners;18.599;18.369;17.330
1701;Westerveld;Bevolkingsgroei (% t.o.v. 2020);-4,4;-5,6;-10,9
1702;Sint Anthonis;Absoluut aantal inwoners;11.417;11.434;11.469
1702;Sint Anthonis;Bevolkingsgroei (% t.o.v. 2020);-2,1;-2,0;-1,7
1705;Lingewaard;Absoluut aantal inwoners;45.477;44.995;44.091
1705;Lingewaard;Bevolkingsgroei (% t.o.v. 2020);-2,4;-3,4;-5,4
1706;Cranendonck;Absoluut aantal inwoners;20.891;20.930;21.143
1706;Cranendonck;Bevolkingsgroei (% t.o.v. 2020);-1,2;-1,0;0,0
1708;Steenwijkerland;Absoluut aantal inwoners;44.904;45.600;45.976
1708;Steenwijkerland;Bevolkingsgroei (% t.o.v. 2020);1,8;3,3;4,2
1709;Moerdijk;Absoluut aantal inwoners;36.539;36.170;35.694
1709;Moerdijk;Bevolkingsgroei (% t.o.v. 2020);-1,6;-2,6;-3,9
1711;Echt-Susteren;Absoluut aantal inwoners;30.005;29.852;29.621
1711;Echt-Susteren;Bevolkingsgroei (% t.o.v. 2020);-5,1;-5,6;-6,3
1714;Sluis;Absoluut aantal inwoners;22.608;21.915;20.908
1714;Sluis;Bevolkingsgroei (% t.o.v. 2020);-2,6;-5,6;-9,9
1719;Drimmelen;Absoluut aantal inwoners;26.852;27.247;27.630
1719;Drimmelen;Bevolkingsgroei (% t.o.v. 2020);-1,5;-0,1;1,3
1721;Bernheze;Absoluut aantal inwoners;30.155;30.250;30.118
1721;Bernheze;Bevolkingsgroei (% t.o.v. 2020);-3,5;-3,2;-3,6
1723;Alphen-Chaam;Absoluut aantal inwoners;9.988;9.840;9.687
1723;Alphen-Chaam;Bevolkingsgroei (% t.o.v. 2020);-2,1;-3,6;-5,1
1724;Bergeijk;Absoluut aantal inwoners;19.083;19.761;20.225
1724;Bergeijk;Bevolkingsgroei (% t.o.v. 2020);2,4;6,0;8,5
1728;Bladel;Absoluut aantal inwoners;20.953;21.421;21.832
1728;Bladel;Bevolkingsgroei (% t.o.v. 2020);2,8;5,1;7,1
1729;Gulpen-Wittem;Absoluut aantal inwoners;14.015;13.451;12.730
1729;Gulpen-Wittem;Bevolkingsgroei (% t.o.v. 2020);-1,1;-5,1;-10,2
1730;Tynaarlo;Absoluut aantal inwoners;33.626;34.123;34.152
1730;Tynaarlo;Bevolkingsgroei (% t.o.v. 2020);-0,8;0,7;0,8
1731;Midden-Drenthe;Absoluut aantal inwoners;31.736;31.752;31.324
1731;Midden-Drenthe;Bevolkingsgroei (% t.o.v. 2020);-4,4;-4,3;-5,6
1734;Overbetuwe;Absoluut aantal inwoners;48.100;48.790;48.784
1734;Overbetuwe;Bevolkingsgroei (% t.o.v. 2020);0,4;1,8;1,8
1735;Hof van Twente;Absoluut aantal inwoners;34.268;34.537;34.635
1735;Hof van Twente;Bevolkingsgroei (% t.o.v. 2020);-2,1;-1,4;-1,1
1740;Neder-Betuwe;Absoluut aantal inwoners;24.317;25.232;25.728
1740;Neder-Betuwe;Bevolkingsgroei (% t.o.v. 2020);-0,1;3,7;5,7
1742;Rijssen-Holten;Absoluut aantal inwoners;38.210;38.320;38.348
1742;Rijssen-Holten;Bevolkingsgroei (% t.o.v. 2020);0,1;0,4;0,4
1771;Geldrop-Mierlo;Absoluut aantal inwoners;38.647;38.431;37.741
1771;Geldrop-Mierlo;Bevolkingsgroei (% t.o.v. 2020);-2,7;-3,3;-5,0
1773;Olst-Wijhe;Absoluut aantal inwoners;17.344;17.218;16.976
1773;Olst-Wijhe;Bevolkingsgroei (% t.o.v. 2020);-5,0;-5,7;-7,0
1774;Dinkelland;Absoluut aantal inwoners;25.307;24.558;23.478
1774;Dinkelland;Bevolkingsgroei (% t.o.v. 2020);-4,4;-7,2;-11,3
1783;Westland;Absoluut aantal inwoners;114.223;119.320;122.884
1783;Westland;Bevolkingsgroei (% t.o.v. 2020);3,5;8,1;11,3
1842;Midden-Delfland;Absoluut aantal inwoners;19.388;19.270;19.286
1842;Midden-Delfland;Bevolkingsgroei (% t.o.v. 2020);0,2;-0,4;-0,3
1859;Berkelland;Absoluut aantal inwoners;42.123;42.091;41.847
1859;Berkelland;Bevolkingsgroei (% t.o.v. 2020);-3,7;-3,8;-4,3
1876;Bronckhorst;Absoluut aantal inwoners;34.253;33.047;30.841
1876;Bronckhorst;Bevolkingsgroei (% t.o.v. 2020);-5,0;-8,3;-14,5
1883;Sittard-Geleen;Absoluut aantal inwoners;90.244;90.319;90.207
1883;Sittard-Geleen;Bevolkingsgroei (% t.o.v. 2020);-2,4;-2,3;-2,4
1884;Kaag en Braassem;Absoluut aantal inwoners;27.167;27.332;27.466
1884;Kaag en Braassem;Bevolkingsgroei (% t.o.v. 2020);-0,5;0,1;0,6
1891;Dantumadiel;Absoluut aantal inwoners;18.007;17.289;16.446
1891;Dantumadiel;Bevolkingsgroei (% t.o.v. 2020);-4,8;-8,6;-13,1
1892;Zuidplas;Absoluut aantal inwoners;47.903;53.060;57.091
1892;Zuidplas;Bevolkingsgroei (% t.o.v. 2020);9,2;20,9;30,1
1894;Peel en Maas;Absoluut aantal inwoners;43.947;44.604;44.953
1894;Peel en Maas;Bevolkingsgroei (% t.o.v. 2020);1,2;2,7;3,5
1895;Oldambt;Absoluut aantal inwoners;37.245;35.755;33.969
1895;Oldambt;Bevolkingsgroei (% t.o.v. 2020);-2,5;-6,4;-11,1
1896;Zwartewaterland;Absoluut aantal inwoners;22.358;22.206;22.063
1896;Zwartewaterland;Bevolkingsgroei (% t.o.v. 2020);-1,4;-2,1;-2,7
1900;Súdwest-Fryslân;Absoluut aantal inwoners;90.487;91.660;90.921
1900;Súdwest-Fryslân;Bevolkingsgroei (% t.o.v. 2020);0,6;1,9;1,0
1901;Bodegraven-Reeuwijk;Absoluut aantal inwoners;36.129;37.938;39.534
1901;Bodegraven-Reeuwijk;Bevolkingsgroei (% t.o.v. 2020);3,6;8,8;13,4
1903;Eijsden-Margraten;Absoluut aantal inwoners;24.842;24.753;24.885
1903;Eijsden-Margraten;Bevolkingsgroei (% t.o.v. 2020);-3,6;-3,9;-3,4
1904;Stichtse Vecht;Absoluut aantal inwoners;64.560;64.964;64.884
1904;Stichtse Vecht;Bevolkingsgroei (% t.o.v. 2020);-0,6;0,1;-0,1
1911;Hollands Kroon;Absoluut aantal inwoners;48.821;49.181;48.276
1911;Hollands Kroon;Bevolkingsgroei (% t.o.v. 2020);0,8;1,5;-0,3
1916;Leidschendam-Voorburg;Absoluut aantal inwoners;77.511;80.119;82.282
1916;Leidschendam-Voorburg;Bevolkingsgroei (% t.o.v. 2020);1,3;4,7;7,5
1924;Goeree-Overflakkee;Absoluut aantal inwoners;49.702;50.133;50.601
1924;Goeree-Overflakkee;Bevolkingsgroei (% t.o.v. 2020);-0,7;0,2;1,1
1926;Pijnacker-Nootdorp;Absoluut aantal inwoners;55.489;57.425;58.956
1926;Pijnacker-Nootdorp;Bevolkingsgroei (% t.o.v. 2020);0,3;3,8;6,6
1930;Nissewaard;Absoluut aantal inwoners;84.756;86.720;88.616
1930;Nissewaard;Bevolkingsgroei (% t.o.v. 2020);-0,5;1,8;4,0
1931;Krimpenerwaard;Absoluut aantal inwoners;58.723;60.849;62.951
1931;Krimpenerwaard;Bevolkingsgroei (% t.o.v. 2020);4,3;8,0;11,8
1940;De Fryske Marren;Absoluut aantal inwoners;49.565;49.308;48.584
1940;De Fryske Marren;Bevolkingsgroei (% t.o.v. 2020);-3,9;-4,4;-5,8
1942;Gooise Meren;Absoluut aantal inwoners;56.705;57.314;57.171
1942;Gooise Meren;Bevolkingsgroei (% t.o.v. 2020);-2,3;-1,3;-1,5
1945;Berg en Dal;Absoluut aantal inwoners;34.089;34.196;33.747
1945;Berg en Dal;Bevolkingsgroei (% t.o.v. 2020);-2,6;-2,3;-3,6
1948;Meierijstad;Absoluut aantal inwoners;82.778;85.447;87.536
1948;Meierijstad;Bevolkingsgroei (% t.o.v. 2020);2,0;5,2;7,8
1949;Waadhoeke;Absoluut aantal inwoners;43.255;41.531;39.777
1949;Waadhoeke;Bevolkingsgroei (% t.o.v. 2020);-6,2;-9,9;-13,7
1950;Westerwolde;Absoluut aantal inwoners;23.507;22.783;21.834
1950;Westerwolde;Bevolkingsgroei (% t.o.v. 2020);-8,7;-11,5;-15,2
1952;Midden-Groningen;Absoluut aantal inwoners;59.631;59.046;57.660
1952;Midden-Groningen;Bevolkingsgroei (% t.o.v. 2020);-1,9;-2,9;-5,2
1954;Beekdaelen;Absoluut aantal inwoners;35.326;34.511;33.253
1954;Beekdaelen;Bevolkingsgroei (% t.o.v. 2020);-1,7;-4,0;-7,5
1955;Montferland;Absoluut aantal inwoners;37.044;37.838;38.181
1955;Montferland;Bevolkingsgroei (% t.o.v. 2020);2,9;5,1;6,0
1959;Altena;Absoluut aantal inwoners;57.490;59.977;62.017
1959;Altena;Bevolkingsgroei (% t.o.v. 2020);2,7;7,2;10,8
1960;West Betuwe;Absoluut aantal inwoners;51.420;52.419;52.628
1960;West Betuwe;Bevolkingsgroei (% t.o.v. 2020);0,6;2,5;2,9
1961;Vijfheerenlanden;Absoluut aantal inwoners;58.735;60.855;62.228
1961;Vijfheerenlanden;Bevolkingsgroei (% t.o.v. 2020);3,4;7,1;9,5
1963;Hoeksche Waard;Absoluut aantal inwoners;89.455;91.602;92.851
1963;Hoeksche Waard;Bevolkingsgroei (% t.o.v. 2020);2,4;4,8;6,2
1966;Het Hogeland;Absoluut aantal inwoners;45.803;43.246;40.765
1966;Het Hogeland;Bevolkingsgroei (% t.o.v. 2020);-4,2;-9,5;-14,7
1969;Westerkwartier;Absoluut aantal inwoners;62.146;60.812;59.083
1969;Westerkwartier;Bevolkingsgroei (% t.o.v. 2020);-1,9;-4,0;-6,7
1970;Noardeast-Fryslân;Absoluut aantal inwoners;44.144;43.289;41.851
1970;Noardeast-Fryslân;Bevolkingsgroei (% t.o.v. 2020);-2,4;-4,3;-7,5
1978;Molenlanden;Absoluut aantal inwoners;43.705;44.566;45.223
1978;Molenlanden;Bevolkingsgroei (% t.o.v. 2020);-0,5;1,5;3,0
